1;Marek;Nowak
2;Karol;Szymański
3;Jędrzej;Majewski
4;Szymon;Tomaszewski
5;Paweł;Zalewski
6;Lukasz;Michalski
7;Dawid;Zalewski
8;Łukasz;Michalak
9;Norbert;Nowak
10;Dominik;Kozłowski
11;Grzegorz;Olszewski
12;Łukasz;Nowak
13;Adrian;Sikora
14;Łukasz;Pawlowski
15;Piotr;Kowalczyk
16;Rafał;Wróblewski
17;Sebastian;Witkowski
18;Łukasz;Kozłowski
19;Adrian;Marciniak
20;Tomasz;Pawlak
21;Szymon;Jabłoński
22;Grzegorz;Majewski
23;Łukasz;Mazur
24;Andrzej;Ostrowski
25;Antoni;Kowalczyk
26;Krzysztof;Wojciechowski
27;Bartek;Stępień
28;Szymon;Nowak
29;Maciej;Kaczmarek
30;Łukasz;Pietrzak
31;Dominik;Lewandowski
32;Norbert;Grabowski
33;Mariusz;Pawlowski
34;Jan;Kaczmarek
35;Łukasz;Wróbel
36;Grzegorz;Zieliński
37;Łukasz;Szymański
38;Marek;Szymański
39;Norbert;Dąbrowski
40;Łukasz;Kozłowski
41;Bartek;Wieczorek
42;Dominik;Ostrowski
43;Kamil;Ostrowski
44;Filip;Tomaszewski
45;Maciej;Krawczyk
46;Marcin;Kozłowski
47;Lukasz;Michalak
48;Mariusz;Wójcik
49;Łukasz;Zawadzki
50;Dominik;Krzyżewski
51;Tomasz;Baran
52;Filip;Rutkowski
53;Łukasz;Mazur
54;Aleksander;Marciniak
55;Marcin;Wróblewski
56;Patryk;Kozłowski
57;Tomasz;Kamiński
58;Tomasz;Jankowski
59;Zdzisław;Kwiatkowski
60;Karol;Kowalczyk
61;Adam;Jaworski
62;Jakub;Nowak
63;Bartek;Król
64;Dominik;Kamiński
65;Paweł;Witkowski
66;Patryk;Dąbrowski
67;Jacek;Jankowski
68;Jakub;Dudek
69;Rafał;Nowicki
70;Łukasz;Kaczmarek
71;Jakub;Witkowski
72;Norbert;Walczak
73;Tomasz;Wróbel
74;Łukasz;Stępień
75;Adam;Woźniak
76;Marek;Nowak
77;Antoni;Zając
78;Patryk;Olszewski
79;Lukasz;Tomaszewski
80;Maciej;Jaworski
81;Kamil;Dąbrowski
82;Bartłomiej;Wróbel
83;Krzysztof;Zalewski
84;Łukasz;Wróblewski
85;Grzegorz;Majewski
86;Kamil;Woźniak
87;Waldemar;Górski
88;Aleksander;Woźniak
89;Łukasz;Kaczmarek
90;Maciej;Adamczyk
91;Zbigniew;Lewandowski
92;Bartek;Ostrowski
93;Artur;Michalak
94;Krzysztof;Walczak
95;Rafał;Kaczmarek
96;Arkadiusz;Pawlak
97;Piotr;Majewski
98;Robert;Nowak
99;Zdzisław;Baran
100;Jacek;Michalski
101;Norbert;Lewandowski
102;Tomasz;Pietrzak
103;Mariusz;Grabowski
104;Mateusz;Nowicki
105;Antoni;Tomaszewski
106;Adrian;Jaworski
107;Tomasz;Nowicki
108;Jan;Lewandowski
109;Lukasz;Dudek
110;Karol;Woźniak
111;Dominik;Górski
112;Rafał;Górski
113;Grzegorz;Kowalczyk
114;Patryk;Majewski
115;Aleksander;Grabowski
116;Adrian;Grabowski
117;Wojciech;Walczak
118;Mariusz;Nowak
119;Maciej;Kowalczyk
120;Tomasz;Jaworski
121;Piotr;Mazur
122;Sebastian;Walczak
123;Łukasz;Kowalski
124;Artur;Malinowski
125;Artur;Witkowski
126;Dominik;Walczak
127;Marek;Szymański
128;Zbigniew;Michalski
129;Witold;Baran
130;Hubert;Witkowski
131;Waldemar;Pietrzak
132;Kamil;Rutkowski
133;Robert;Nowak
134;Mariusz;Kaczmarek
135;Aleksander;Walczak
136;Andrzej;Dudek
137;Sebastian;Wróblewski
138;Adrian;Król
139;Witold;Krzyżewski
140;Jarosław;Jabłoński
141;Zdzisław;Kamiński
142;Zbigniew;Jankowski
143;Łukasz;Grabowski
144;Norbert;Tomaszewski
145;Witold;Krzyżewski
146;Zbigniew;Szymański
147;Zbigniew;Witkowski
148;Krzysztof;Kaczmarek
149;Rafał;Mazur
150;Filip;Kowalski
151;Łukasz;Wojciechowski
152;Jakub;Jankowski
153;Łukasz;Wójcik
154;Witold;Wojciechowski
155;Łukasz;Kozłowski
156;Zdzisław;Górski
157;Zbigniew;Wróblewski
158;Waldemar;Lewandowski
159;Mariusz;Majewski
160;Bartłomiej;Kwiatkowski
161;Kamil;Baran
162;Jakub;Jaworski
163;Marek;Mazur
164;Sebastian;Mazur
165;Robert;Jankowski
166;Filip;Michalski
167;Łukasz;Kozłowski
168;Łukasz;Górski
169;Marcin;Zawadzki
170;Zdzisław;Wiśniewski
171;Mikołaj;Grabowski
172;Robert;Grabowski
173;Andrzej;Kozłowski
174;Norbert;Wróblewski
175;Szymon;Król
176;Jan;Kowalczyk
177;Antoni;Kozłowski
178;Dawid;Woźniak
179;Tomasz;Malinowski
180;Łukasz;Sikora
181;Bartek;Mazur
182;Grzegorz;Lewandowski
183;Witold;Pawlak
184;Grzegorz;Zając
185;Sebastian;Zieliński
186;Krzysztof;Kaczmarek
187;Witold;Zalewski
188;Marcin;Zając
189;Piotr;Jaworski
190;Marek;Witkowski
191;Robert;Malinowski
192;Grzegorz;Ostrowski
193;Aleksander;Kowalski
194;Marcin;Mazur
195;Łukasz;Tomaszewski
196;Jan;Witkowski
197;Zbigniew;Stępień
198;Filip;Wiśniewski
199;Andrzej;Michalak
200;Hubert;Grabowski
201;Mikołaj;Grabowski
202;Jan;Zieliński
203;Grzegorz;Zawadzki
204;Dawid;Mazur
205;Mateusz;Dąbrowski
206;Łukasz;Kwiatkowski
207;Bartek;Zawadzki
208;Maciej;Walczak
209;Patryk;Witkowski
210;Arkadiusz;Jaworski
211;Marek;Ostrowski
212;Mateusz;Zieliński
213;Rafał;Pawlak
214;Mariusz;Zawadzki
215;Marcin;Krzyżewski
216;Zbigniew;Grabowski
217;Kamil;Sikora
218;Dominik;Piotrowski
219;Adam;Marciniak
220;Dominik;Grabowski
221;Zbigniew;Krzyżewski
222;Zdzisław;Witkowski
223;Bartek;Olszewski
224;Maciej;Kowalski
225;Dominik;Marciniak
226;Łukasz;Szymański
227;Kamil;Kowalczyk
228;Grzegorz;Wojciechowski
229;Dawid;Ostrowski
230;Mateusz;Wiśniewski
231;Łukasz;Kozłowski
232;Marcin;Pietrzak
233;Marek;Krawczyk
234;Piotr;Ostrowski
235;Maciej;Michalski
236;Filip;Olszewski
237;Marcin;Kamiński
238;Arkadiusz;Wieczorek
239;Sebastian;Pietrzak
240;Jan;Kozłowski
241;Artur;Ostrowski
242;Waldemar;Piotrowski
243;Zdzisław;Zawadzki
244;Filip;Wojciechowski
245;Mateusz;Wróbel
246;Grzegorz;Witkowski
247;Bartłomiej;Witkowski
248;Patryk;Michalski
249;Hubert;Zalewski
250;Arkadiusz;Sikora
251;Witold;Kaczmarek
252;Artur;Kozłowski
253;Dawid;Olszewski
254;Mateusz;Pawlowski
255;Jędrzej;Król
256;Łukasz;Rutkowski
257;Łukasz;Olszewski
258;Witold;Mazur
259;Łukasz;Kaczmarek
260;Lukasz;Kowalczyk
261;Szymon;Wójcik
262;Marcin;Kwiatkowski
263;Jakub;Zając
264;Arkadiusz;Wójcik
265;Szymon;Baran
266;Artur;Majewski
267;Michał;Grabowski
268;Łukasz;Kowalczyk
269;Arkadiusz;Olszewski
270;Norbert;Baran
271;Patryk;Adamczyk
272;Adrian;Adamczyk
273;Bartłomiej;Pietrzak
274;Grzegorz;Jaworski
275;Łukasz;Jankowski
276;Łukasz;Wiśniewski
277;Marcin;Krzyżewski
278;Jan;Tomaszewski
279;Dominik;Walczak
280;Robert;Adamczyk
281;Andrzej;Majewski
282;Antoni;Jabłoński
283;Piotr;Wróbel
284;Łukasz;Grabowski
285;Rafał;Krzyżewski
286;Jan;Kamiński
287;Kamil;Marciniak
288;Łukasz;Zawadzki
289;Lukasz;Pawlak
290;Michał;Rutkowski
291;Michał;Piotrowski
292;Paweł;Lewandowski
293;Adam;Walczak
294;Łukasz;Wróbel
295;Łukasz;Zieliński
296;Jarosław;Nowak
297;Łukasz;Krzyżewski
298;Krzysztof;Grabowski
299;Łukasz;Wróblewski
300;Mikołaj;Nowicki
301;Aleksander;Wieczorek
302;Maciej;Nowicki
303;Dominik;Zieliński
304;Zbigniew;Ostrowski
305;Karol;Szymański
306;Wojciech;Kowalczyk
307;Dawid;Jabłoński
308;Aleksander;Krzyżewski
309;Łukasz;Dąbrowski
310;Tomasz;Kaczmarek
311;Grzegorz;Krawczyk
312;Piotr;Kwiatkowski
313;Łukasz;Baran
314;Jędrzej;Jabłoński
315;Waldemar;Dudek
316;Jacek;Kwiatkowski
317;Mikołaj;Lewandowski
318;Paweł;Jabłoński
319;Arkadiusz;Jabłoński
320;Zdzisław;Kwiatkowski
321;Mateusz;Górski
322;Tomasz;Krzyżewski
323;Marcin;Król
324;Szymon;Jaworski
325;Norbert;Kozłowski
326;Łukasz;Dudek
327;Jarosław;Baran
328;Artur;Woźniak
329;Sebastian;Stępień
330;Filip;Rutkowski
331;Marcin;Górski
332;Adam;Krawczyk
333;Aleksander;Wojciechowski
334;Jan;Zalewski
335;Adam;Kamiński
336;Mateusz;Kaczmarek
337;Zdzisław;Pietrzak
338;Mariusz;Majewski
339;Waldemar;Kamiński
340;Łukasz;Dudek
341;Jędrzej;Dudek
342;Mariusz;Zalewski
343;Grzegorz;Walczak
344;Łukasz;Rutkowski
345;Maciej;Zieliński
346;Wojciech;Wróblewski
347;Karol;Pietrzak
348;Jakub;Kowalski
349;Dawid;Rutkowski
350;Jakub;Kozłowski
351;Kamil;Marciniak
352;Maciej;Nowak
353;Dominik;Kamiński
354;Tomasz;Wróbel
355;Andrzej;Tomaszewski
356;Antoni;Szymański
357;Waldemar;Dudek
358;Mateusz;Nowak
359;Witold;Wróblewski
360;Artur;Król
361;Karol;Wróbel
362;Maciej;Ostrowski
363;Marek;Jabłoński
364;Marcin;Michalski
365;Łukasz;Sikora
366;Bartłomiej;Kozłowski
367;Piotr;Tomaszewski
368;Marek;Nowak
369;Andrzej;Michalak
370;Jan;Dudek
371;Łukasz;Malinowski
372;Krzysztof;Nowak
373;Bartek;Kowalczyk
374;Karol;Malinowski
375;Jakub;Wiśniewski
376;Marcin;Wiśniewski
377;Adrian;Krzyżewski
378;Bartłomiej;Piotrowski
379;Piotr;Kwiatkowski
380;Łukasz;Zieliński
381;Marek;Jankowski
382;Mateusz;Jankowski
383;Paweł;Wróbel
384;Jarosław;Kowalski
385;Zdzisław;Malinowski
386;Norbert;Mazur
387;Adrian;Krawczyk
388;Artur;Tomaszewski
389;Szymon;Sikora
390;Aleksander;Król
391;Dawid;Wieczorek
392;Mariusz;Kwiatkowski
393;Hubert;Witkowski
394;Bartłomiej;Nowicki
395;Marek;Szymański
396;Robert;Pawlak
397;Karol;Pawlowski
398;Mikołaj;Pietrzak
399;Mikołaj;Kwiatkowski
400;Szymon;Mazur
401;Artur;Piotrowski
402;Jacek;Krzyżewski
403;Dawid;Kamiński
404;Patryk;Wieczorek
405;Robert;Michalski
406;Adam;Nowak
407;Jarosław;Grabowski
408;Dominik;Marciniak
409;Zbigniew;Piotrowski
410;Wojciech;Jabłoński
411;Artur;Stępień
412;Łukasz;Król
413;Zdzisław;Zawadzki
414;Adrian;Dudek
415;Zdzisław;Rutkowski
416;Lukasz;Mazur
417;Adam;Zając
418;Robert;Olszewski
419;Łukasz;Michalski
420;Arkadiusz;Malinowski
421;Zdzisław;Kamiński
422;Aleksander;Olszewski
423;Filip;Jabłoński
424;Piotr;Nowicki
425;Hubert;Pawlowski
426;Rafał;Olszewski
427;Aleksander;Majewski
428;Adam;Jabłoński
429;Marek;Kaczmarek
430;Marcin;Olszewski
431;Adrian;Zając
432;Jan;Baran
433;Krzysztof;Grabowski
434;Łukasz;Sikora
435;Łukasz;Marciniak
436;Maciej;Kwiatkowski
437;Zbigniew;Wróblewski
438;Dominik;Jankowski
439;Karol;Michalski
440;Adrian;Rutkowski
441;Artur;Zalewski
442;Robert;Stępień
443;Paweł;Olszewski
444;Artur;Dudek
445;Jan;Jabłoński
446;Paweł;Wróblewski
447;Adam;Pawlowski
448;Łukasz;Marciniak
449;Michał;Adamczyk
450;Adam;Woźniak
451;Grzegorz;Wieczorek
452;Marek;Wójcik
453;Jarosław;Tomaszewski
454;Jacek;Baran
455;Grzegorz;Kamiński
456;Jacek;Kowalczyk
457;Hubert;Mazur
458;Dominik;Michalak
459;Grzegorz;Kwiatkowski
460;Krzysztof;Górski
461;Łukasz;Grabowski
462;Norbert;Krzyżewski
463;Wojciech;Krzyżewski
464;Łukasz;Kwiatkowski
465;Marcin;Zieliński
466;Jędrzej;Tomaszewski
467;Waldemar;Wróbel
468;Adrian;Jankowski
469;Dawid;Zieliński
470;Kamil;Kaczmarek
471;Artur;Nowak
472;Mariusz;Krawczyk
473;Antoni;Nowak
474;Tomasz;Król
475;Jędrzej;Zieliński
476;Jarosław;Zalewski
477;Bartłomiej;Adamczyk
478;Łukasz;Dudek
479;Paweł;Zieliński
480;Zbigniew;Malinowski
481;Marek;Kowalski
482;Krzysztof;Malinowski
483;Łukasz;Jabłoński
484;Robert;Witkowski
485;Filip;Pawlowski
486;Mateusz;Wieczorek
487;Norbert;Kowalski
488;Michał;Walczak
489;Łukasz;Pawlowski
490;Dominik;Kowalczyk
491;Tomasz;Walczak
492;Jacek;Malinowski
493;Michał;Pawlowski
494;Robert;Jankowski
495;Adam;Adamczyk
496;Jarosław;Pawlowski
497;Szymon;Olszewski
498;Andrzej;Zalewski
499;Adrian;Olszewski
500;Tomasz;Zając
501;Zbigniew;Walczak
502;Antoni;Kaczmarek
503;Andrzej;Baran
504;Jędrzej;Woźniak
505;Robert;Dudek
506;Łukasz;Michalak
507;Filip;Kowalczyk
508;Robert;Marciniak
509;Michał;Piotrowski
510;Patryk;Wróbel
511;Waldemar;Woźniak
512;Grzegorz;Malinowski
513;Dawid;Witkowski
514;Marek;Lewandowski
515;Łukasz;Kamiński
516;Łukasz;Walczak
517;Waldemar;Marciniak
518;Jan;Wójcik
519;Marek;Adamczyk
520;Sebastian;Woźniak
521;Kamil;Piotrowski
522;Mikołaj;Baran
523;Marek;Mazur
524;Paweł;Zawadzki
525;Filip;Kwiatkowski
526;Łukasz;Wojciechowski
527;Jakub;Pietrzak
528;Sebastian;Walczak
529;Paweł;Michalak
530;Krzysztof;Sikora
531;Witold;Olszewski
532;Dominik;Majewski
533;Zdzisław;Zawadzki
534;Norbert;Wróbel
535;Piotr;Tomaszewski
536;Mateusz;Pietrzak
537;Norbert;Dąbrowski
538;Marcin;Kowalski
539;Adam;Pawlak
540;Aleksander;Szymański
541;Jacek;Olszewski
542;Sebastian;Tomaszewski
543;Aleksander;Woźniak
544;Mikołaj;Wójcik
545;Marek;Adamczyk
546;Mikołaj;Zieliński
547;Krzysztof;Krawczyk
548;Jędrzej;Krzyżewski
549;Piotr;Zawadzki
550;Bartłomiej;Kozłowski
551;Robert;Krzyżewski
552;Hubert;Lewandowski
553;Aleksander;Król
554;Jarosław;Michalak
555;Bartłomiej;Górski
556;Mariusz;Jankowski
557;Mariusz;Jaworski
558;Jan;Mazur
559;Andrzej;Wieczorek
560;Jakub;Kowalski
561;Jędrzej;Woźniak
562;Szymon;Krawczyk
563;Arkadiusz;Krzyżewski
564;Jakub;Wróblewski
565;Wojciech;Kowalski
566;Zdzisław;Wróblewski
567;Rafał;Sikora
568;Norbert;Olszewski
569;Zdzisław;Grabowski
570;Filip;Krawczyk
571;Marek;Marciniak
572;Bartłomiej;Kowalski
573;Łukasz;Michalak
574;Zbigniew;Tomaszewski
575;Adam;Zawadzki
576;Jędrzej;Witkowski
577;Rafał;Baran
578;Michał;Ostrowski
579;Łukasz;Zalewski
580;Andrzej;Baran
581;Jarosław;Jabłoński
582;Tomasz;Michalak
583;Krzysztof;Sikora
584;Adrian;Kozłowski
585;Aleksander;Wiśniewski
586;Robert;Zając
587;Tomasz;Kaczmarek
588;Robert;Król
589;Mikołaj;Kaczmarek
590;Łukasz;Wieczorek
591;Andrzej;Wieczorek
592;Adrian;Zieliński
593;Tomasz;Zawadzki
594;Jarosław;Kowalski
595;Karol;Michalak
596;Lukasz;Marciniak
597;Andrzej;Witkowski
598;Waldemar;Kowalski
599;Mikołaj;Pawlowski
600;Patryk;Kwiatkowski
601;Jakub;Zieliński
602;Szymon;Tomaszewski
603;Maciej;Nowak
604;Grzegorz;Kowalczyk
605;Andrzej;Rutkowski
606;Szymon;Zając
607;Jan;Michalak
608;Łukasz;Król
609;Piotr;Jankowski
610;Lukasz;Dąbrowski
611;Rafał;Dudek
612;Paweł;Kwiatkowski
613;Krzysztof;Sikora
614;Mariusz;Kaczmarek
615;Robert;Wieczorek
616;Adam;Nowicki
617;Łukasz;Wojciechowski
618;Dawid;Pawlak
619;Jarosław;Kowalczyk
620;Grzegorz;Lewandowski
621;Andrzej;Marciniak
622;Krzysztof;Zawadzki
623;Witold;Wróbel
624;Piotr;Lewandowski
625;Jakub;Sikora
626;Hubert;Jankowski
627;Michał;Ostrowski
628;Waldemar;Olszewski
629;Aleksander;Kowalski
630;Paweł;Kwiatkowski
631;Łukasz;Wiśniewski
632;Zdzisław;Walczak
633;Sebastian;Jabłoński
634;Jędrzej;Olszewski
635;Aleksander;Michalski
636;Karol;Zając
637;Wojciech;Marciniak
638;Antoni;Wróbel
639;Zbigniew;Wieczorek
640;Artur;Walczak
641;Jarosław;Zalewski
642;Łukasz;Nowicki
643;Paweł;Kamiński
644;Hubert;Dąbrowski
645;Filip;Adamczyk
646;Krzysztof;Krzyżewski
647;Paweł;Pawlak
648;Artur;Krzyżewski
649;Waldemar;Pawlowski
650;Tomasz;Ostrowski
651;Robert;Pawlak
652;Łukasz;Dudek
653;Łukasz;Wróblewski
654;Wojciech;Stępień
655;Waldemar;Piotrowski
656;Adam;Majewski
657;Norbert;Pietrzak
658;Arkadiusz;Jaworski
659;Robert;Adamczyk
660;Patryk;Mazur
661;Mikołaj;Wójcik
662;Krzysztof;Nowak
663;Piotr;Adamczyk
664;Jarosław;Zieliński
665;Mikołaj;Jankowski
666;Krzysztof;Zawadzki
667;Kamil;Pawlowski
668;Adrian;Kaczmarek
669;Michał;Kowalski
670;Mariusz;Tomaszewski
671;Łukasz;Michalak
672;Norbert;Pawlowski
673;Patryk;Tomaszewski
674;Bartłomiej;Malinowski
675;Marcin;Marciniak
676;Bartek;Pawlowski
677;Mikołaj;Witkowski
678;Łukasz;Pawlak
679;Norbert;Kaczmarek
680;Witold;Górski
681;Arkadiusz;Jankowski
682;Dawid;Zawadzki
683;Michał;Stępień
684;Jacek;Baran
685;Jacek;Górski
686;Marek;Mazur
687;Łukasz;Dąbrowski
688;Łukasz;Marciniak
689;Bartłomiej;Wiśniewski
690;Jan;Jabłoński
691;Jacek;Wojciechowski
692;Artur;Zawadzki
693;Hubert;Górski
694;Jędrzej;Michalski
695;Marek;Pietrzak
696;Szymon;Nowicki
697;Filip;Szymański
698;Rafał;Wróblewski
699;Jarosław;Nowicki
700;Marcin;Górski
701;Łukasz;Król
702;Aleksander;Jabłoński
703;Maciej;Pawlak
704;Jacek;Adamczyk
705;Jędrzej;Wójcik
706;Kamil;Jaworski
707;Sebastian;Szymański
708;Jarosław;Michalski
709;Adrian;Piotrowski
710;Łukasz;Wójcik
711;Adam;Król
712;Witold;Rutkowski
713;Łukasz;Lewandowski
714;Szymon;Pawlowski
715;Andrzej;Wójcik
716;Piotr;Zieliński
717;Mikołaj;Dudek
718;Krzysztof;Wróbel
719;Aleksander;Wróblewski
720;Lukasz;Sikora
721;Szymon;Nowak
722;Andrzej;Zalewski
723;Norbert;Malinowski
724;Grzegorz;Piotrowski
725;Łukasz;Zając
726;Łukasz;Wieczorek
727;Karol;Tomaszewski
728;Jan;Zalewski
729;Norbert;Kwiatkowski
730;Mateusz;Kowalski
731;Dominik;Jabłoński
732;Hubert;Jankowski
733;Wojciech;Michalak
734;Michał;Wójcik
735;Dawid;Marciniak
736;Patryk;Wiśniewski
737;Grzegorz;Górski
738;Adam;Zawadzki
739;Marcin;Górski
740;Andrzej;Stępień
741;Szymon;Olszewski
742;Adam;Adamczyk
743;Karol;Adamczyk
744;Paweł;Pietrzak
745;Grzegorz;Pawlowski
746;Mariusz;Rutkowski
747;Szymon;Wróbel
748;Łukasz;Michalski
749;Jakub;Krzyżewski
750;Antoni;Woźniak
751;Szymon;Witkowski
752;Jakub;Rutkowski
753;Łukasz;Dudek
754;Waldemar;Jaworski
755;Waldemar;Olszewski
756;Hubert;Lewandowski
757;Mateusz;Olszewski
758;Filip;Kwiatkowski
759;Antoni;Zawadzki
760;Sebastian;Kamiński
761;Mikołaj;Jankowski
762;Norbert;Wójcik
763;Krzysztof;Wójcik
764;Łukasz;Grabowski
765;Mikołaj;Wiśniewski
766;Marek;Lewandowski
767;Wojciech;Woźniak
768;Paweł;Wójcik
769;Marcin;Pawlak
770;Waldemar;Szymański
771;Jędrzej;Ostrowski
772;Jakub;Lewandowski
773;Rafał;Kamiński
774;Wojciech;Nowicki
775;Jacek;Kwiatkowski
776;Wojciech;Wróblewski
777;Krzysztof;Kwiatkowski
778;Bartłomiej;Sikora
779;Szymon;Malinowski
780;Dawid;Jabłoński
781;Norbert;Kamiński
782;Robert;Wieczorek
783;Waldemar;Ostrowski
784;Łukasz;Mazur
785;Waldemar;Michalski
786;Rafał;Michalak
787;Dominik;Jankowski
788;Adrian;Dudek
789;Łukasz;Witkowski
790;Kamil;Michalak
791;Waldemar;Piotrowski
792;Zbigniew;Król
793;Jędrzej;Kowalczyk
794;Adam;Zając
795;Norbert;Król
796;Aleksander;Majewski
797;Patryk;Michalski
798;Łukasz;Zalewski
799;Andrzej;Rutkowski
800;Adam;Jabłoński
801;Łukasz;Lewandowski
802;Norbert;Malinowski
803;Hubert;Zieliński
804;Robert;Zalewski
805;Jarosław;Pietrzak
806;Bartłomiej;Dąbrowski
807;Aleksander;Majewski
808;Patryk;Dąbrowski
809;Marcin;Wójcik
810;Bartłomiej;Kwiatkowski
811;Jędrzej;Król
812;Łukasz;Majewski
813;Łukasz;Jabłoński
814;Artur;Kaczmarek
815;Dawid;Wojciechowski
816;Łukasz;Kowalczyk
817;Mariusz;Nowak
818;Dominik;Krawczyk
819;Łukasz;Wojciechowski
820;Dominik;Dudek
821;Jan;Krzyżewski
822;Rafał;Zając
823;Adam;Dąbrowski
824;Robert;Kamiński
825;Łukasz;Dąbrowski
826;Rafał;Tomaszewski
827;Piotr;Pawlowski
828;Rafał;Olszewski
829;Łukasz;Woźniak
830;Wojciech;Zieliński
831;Jacek;Tomaszewski
832;Adrian;Wróbel
833;Łukasz;Pawlowski
834;Antoni;Tomaszewski
835;Mateusz;Lewandowski
836;Norbert;Wieczorek
837;Andrzej;Król
838;Bartłomiej;Nowak
839;Andrzej;Majewski
840;Lukasz;Woźniak
841;Hubert;Mazur
842;Grzegorz;Olszewski
843;Łukasz;Kowalczyk
844;Łukasz;Zieliński
845;Adrian;Majewski
846;Aleksander;Lewandowski
847;Grzegorz;Wróbel
848;Kamil;Wiśniewski
849;Piotr;Kozłowski
850;Łukasz;Michalak
851;Jan;Krawczyk
852;Adrian;Pietrzak
853;Tomasz;Wróbel
854;Dawid;Michalski
855;Lukasz;Kowalski
856;Adam;Wiśniewski
857;Karol;Marciniak
858;Krzysztof;Tomaszewski
859;Paweł;Michalski
860;Łukasz;Król
861;Sebastian;Baran
862;Zdzisław;Krzyżewski
863;Norbert;Marciniak
864;Mikołaj;Pawlak
865;Szymon;Pietrzak
866;Lukasz;Szymański
867;Filip;Wróbel
868;Szymon;Walczak
869;Łukasz;Krzyżewski
870;Zbigniew;Wieczorek
871;Lukasz;Szymański
872;Dawid;Mazur
873;Łukasz;Michalak
874;Filip;Zając
875;Szymon;Wróbel
876;Paweł;Wieczorek
877;Michał;Wojciechowski
878;Andrzej;Nowicki
879;Hubert;Adamczyk
880;Hubert;Stępień
881;Łukasz;Kowalczyk
882;Mateusz;Krzyżewski
883;Jarosław;Nowicki
884;Mikołaj;Pawlowski
885;Jan;Sikora
886;Adrian;Kozłowski
887;Maciej;Woźniak
888;Adrian;Michalak
889;Lukasz;Krzyżewski
890;Antoni;Nowicki
891;Jacek;Majewski
892;Jan;Wójcik
893;Aleksander;Jankowski
894;Paweł;Kwiatkowski
895;Jan;Grabowski
896;Michał;Michalski
897;Marek;Jabłoński
898;Waldemar;Baran
899;Lukasz;Szymański
900;Rafał;Walczak
901;Bartłomiej;Baran
902;Adam;Lewandowski
903;Michał;Adamczyk
904;Michał;Szymański
905;Andrzej;Lewandowski
906;Wojciech;Wiśniewski
907;Jan;Kozłowski
908;Bartłomiej;Kowalski
909;Waldemar;Michalak
910;Wojciech;Kozłowski
911;Jan;Pawlowski
912;Mateusz;Kowalski
913;Adam;Zawadzki
914;Witold;Zieliński
915;Waldemar;Zalewski
916;Adrian;Michalak
917;Patryk;Pawlak
918;Jan;Baran
919;Paweł;Dudek
920;Antoni;Nowicki
921;Tomasz;Mazur
922;Jakub;Sikora
923;Jędrzej;Górski
924;Łukasz;Wójcik
925;Adam;Pawlak
926;Łukasz;Pawlak
927;Łukasz;Adamczyk
928;Witold;Dąbrowski
929;Filip;Malinowski
930;Mateusz;Kwiatkowski
931;Łukasz;Dudek
932;Dominik;Ostrowski
933;Marcin;Szymański
934;Jakub;Zieliński
935;Jędrzej;Baran
936;Łukasz;Marciniak
937;Aleksander;Lewandowski
938;Bartłomiej;Zieliński
939;Mikołaj;Tomaszewski
940;Artur;Kwiatkowski
941;Maciej;Kamiński
942;Mikołaj;Wojciechowski
943;Dominik;Malinowski
944;Łukasz;Jankowski
945;Piotr;Walczak
946;Jakub;Wróbel
947;Bartek;Michalski
948;Łukasz;Nowak
949;Marcin;Zawadzki
950;Arkadiusz;Krzyżewski
951;Norbert;Kwiatkowski
952;Jarosław;Michalak
953;Jakub;Nowicki
954;Wojciech;Dudek
955;Bartek;Wróbel
956;Maciej;Wróblewski
957;Witold;Sikora
958;Andrzej;Nowak
959;Patryk;Kaczmarek
960;Tomasz;Krzyżewski
961;Andrzej;Malinowski
962;Jędrzej;Kamiński
963;Mateusz;Kowalski
964;Marcin;Krzyżewski
965;Jędrzej;Jaworski
966;Łukasz;Witkowski
967;Dominik;Zając
968;Łukasz;Malinowski
969;Łukasz;Sikora
970;Paweł;Zalewski
971;Maciej;Majewski
972;Paweł;Wróblewski
973;Łukasz;Jaworski
974;Piotr;Rutkowski
975;Sebastian;Michalak
976;Maciej;Kozłowski
977;Mariusz;Witkowski
978;Piotr;Mazur
979;Andrzej;Wójcik
980;Mikołaj;Król
981;Tomasz;Ostrowski
982;Waldemar;Wójcik
983;Lukasz;Olszewski
984;Antoni;Adamczyk
985;Marek;Król
986;Dominik;Woźniak
987;Lukasz;Kowalski
988;Aleksander;Sikora
989;Łukasz;Zieliński
990;Piotr;Olszewski
991;Marek;Tomaszewski
992;Mateusz;Jaworski
993;Jakub;Majewski
994;Piotr;Malinowski
995;Paweł;Zieliński
996;Adam;Malinowski
997;Łukasz;Dudek
998;Sebastian;Ostrowski
999;Witold;Kaczmarek
1000;Robert;Nowicki
